pkg,surface,kind,use,w,h,alpha,dur,rate,ch,bytes,note,source,sha
1-app-shell/android/launcher-icon/mipmap-mdpi/ic_launcher.png,app shell,launcher icon,Legacy square icon,48,48,true,,,,3606,,dgd-native:android/app/src/main/res/mipmap-mdpi/ic_launcher.png,87e7dfcb33ca1e9e8cfba256cb6ebbf2944ed242
1-app-shell/android/launcher-icon/mipmap-mdpi/ic_launcher_foreground.png,app shell,launcher icon,Adaptive icon foreground layer,108,108,true,,,,9369,,dgd-native:android/app/src/main/res/mipmap-mdpi/ic_launcher_foreground.png,529d95703fce299436f6b2d02ca0761bc06cce56
1-app-shell/android/launcher-icon/mipmap-mdpi/ic_launcher_monochrome.png,app shell,launcher icon,"Themed (monochrome) icon, Android 13+",108,108,true,,,,3374,,dgd-native:android/app/src/main/res/mipmap-mdpi/ic_launcher_monochrome.png,f96151cb98c4202b868cb5a999579210ee9e921f
1-app-shell/android/launcher-icon/mipmap-mdpi/ic_launcher_round.png,app shell,launcher icon,Legacy round icon,48,48,true,,,,4310,,dgd-native:android/app/src/main/res/mipmap-mdpi/ic_launcher_round.png,f02e33a73620887629a4e056858831fa739b05ad
1-app-shell/android/launcher-icon/mipmap-hdpi/ic_launcher.png,app shell,launcher icon,Legacy square icon,72,72,true,,,,6743,,dgd-native:android/app/src/main/res/mipmap-hdpi/ic_launcher.png,e38f99f0845adc5e5fa3310b2078e058a08a7b4f
1-app-shell/android/launcher-icon/mipmap-hdpi/ic_launcher_foreground.png,app shell,launcher icon,Adaptive icon foreground layer,162,162,true,,,,16249,,dgd-native:android/app/src/main/res/mipmap-hdpi/ic_launcher_foreground.png,911dcedf6257cdecd8f5ca3378f91b42cc97ae08
1-app-shell/android/launcher-icon/mipmap-hdpi/ic_launcher_monochrome.png,app shell,launcher icon,"Themed (monochrome) icon, Android 13+",162,162,true,,,,5904,,dgd-native:android/app/src/main/res/mipmap-hdpi/ic_launcher_monochrome.png,be9c8c7428bbc9e0fac1d66a9eabb7b3290aee2d
1-app-shell/android/launcher-icon/mipmap-hdpi/ic_launcher_round.png,app shell,launcher icon,Legacy round icon,72,72,true,,,,7904,,dgd-native:android/app/src/main/res/mipmap-hdpi/ic_launcher_round.png,5c247a6ad4e55cd92997a220ec23ed9696070f4c
1-app-shell/android/launcher-icon/mipmap-xhdpi/ic_launcher.png,app shell,launcher icon,Legacy square icon,96,96,true,,,,10401,,dgd-native:android/app/src/main/res/mipmap-xhdpi/ic_launcher.png,c85f9d4c1519adef093d669413302c04bd205d47
1-app-shell/android/launcher-icon/mipmap-xhdpi/ic_launcher_foreground.png,app shell,launcher icon,Adaptive icon foreground layer,216,216,true,,,,22768,,dgd-native:android/app/src/main/res/mipmap-xhdpi/ic_launcher_foreground.png,154814a162d92507822122bae17721742d8c7b34
1-app-shell/android/launcher-icon/mipmap-xhdpi/ic_launcher_monochrome.png,app shell,launcher icon,"Themed (monochrome) icon, Android 13+",216,216,true,,,,8342,,dgd-native:android/app/src/main/res/mipmap-xhdpi/ic_launcher_monochrome.png,7a6384f36308839713f60ea9bf755b7445c42761
1-app-shell/android/launcher-icon/mipmap-xhdpi/ic_launcher_round.png,app shell,launcher icon,Legacy round icon,96,96,true,,,,12252,,dgd-native:android/app/src/main/res/mipmap-xhdpi/ic_launcher_round.png,034b91a96978544558fc10a06086b2bb16d7f0b1
1-app-shell/android/launcher-icon/mipmap-xxhdpi/ic_launcher.png,app shell,launcher icon,Legacy square icon,144,144,true,,,,17399,,dgd-native:android/app/src/main/res/mipmap-xxhdpi/ic_launcher.png,9bba5363ad35fbf9d17f1da854af6fcd8beb75c0
1-app-shell/android/launcher-icon/mipmap-xxhdpi/ic_launcher_foreground.png,app shell,launcher icon,Adaptive icon foreground layer,324,324,true,,,,34295,,dgd-native:android/app/src/main/res/mipmap-xxhdpi/ic_launcher_foreground.png,2a19f6519820f684f1f8059348a03b614151fe4a
1-app-shell/android/launcher-icon/mipmap-xxhdpi/ic_launcher_monochrome.png,app shell,launcher icon,"Themed (monochrome) icon, Android 13+",324,324,true,,,,13320,,dgd-native:android/app/src/main/res/mipmap-xxhdpi/ic_launcher_monochrome.png,869cc5b45864c408d1232cb97bdc45e26f735be1
1-app-shell/android/launcher-icon/mipmap-xxhdpi/ic_launcher_round.png,app shell,launcher icon,Legacy round icon,144,144,true,,,,20915,,dgd-native:android/app/src/main/res/mipmap-xxhdpi/ic_launcher_round.png,3f1dbf88a1a8da9e08784c299b90cb581c495000
1-app-shell/android/launcher-icon/mipmap-xxxhdpi/ic_launcher.png,app shell,launcher icon,Legacy square icon,192,192,true,,,,24405,,dgd-native:android/app/src/main/res/mipmap-xxxhdpi/ic_launcher.png,a70a1942f4f0e93f81451f4a3c6e7f1b70e264c9
1-app-shell/android/launcher-icon/mipmap-xxxhdpi/ic_launcher_foreground.png,app shell,launcher icon,Adaptive icon foreground layer,432,432,true,,,,46127,,dgd-native:android/app/src/main/res/mipmap-xxxhdpi/ic_launcher_foreground.png,1c552125ab25e88221012b536f6f4279be09861c
1-app-shell/android/launcher-icon/mipmap-xxxhdpi/ic_launcher_monochrome.png,app shell,launcher icon,"Themed (monochrome) icon, Android 13+",432,432,true,,,,18975,,dgd-native:android/app/src/main/res/mipmap-xxxhdpi/ic_launcher_monochrome.png,c36193454b590819b5a83641f2e04999304ec017
1-app-shell/android/launcher-icon/mipmap-xxxhdpi/ic_launcher_round.png,app shell,launcher icon,Legacy round icon,192,192,true,,,,28968,,dgd-native:android/app/src/main/res/mipmap-xxxhdpi/ic_launcher_round.png,d616d7127a2541e31b27a9ae34f4afa0adc92351
1-app-shell/android/launcher-icon/mipmap-anydpi-v26/ic_launcher.xml,app shell,launcher icon definition,How Android layers the adaptive icon (background colour + foreground + monochrome),,,,,,,636,,dgd-native:android/app/src/main/res/mipmap-anydpi-v26/ic_launcher.xml,1d0f54c447bcf0d5fcdc3e3c360cdd0d09cf0df5
1-app-shell/android/launcher-icon/mipmap-anydpi-v26/ic_launcher_round.xml,app shell,launcher icon definition,How Android layers the adaptive icon (background colour + foreground + monochrome),,,,,,,337,,dgd-native:android/app/src/main/res/mipmap-anydpi-v26/ic_launcher_round.xml,9e2745deaec5e532a5f4310edce0405ee242c867
1-app-shell/android/launcher-icon/ic_launcher_background.xml,app shell,launcher icon background colour,,,,,,,,249,,dgd-native:android/app/src/main/res/values/ic_launcher_background.xml,80fae882424e75049cce34f76707ffbb3ae2239d
1-app-shell/android/images/dgd_coin.png,app shell,image,DGD coin (full),512,594,true,,,,547192,,dgd-native:android/app/src/main/res/drawable/dgd_coin.png,a4423a61e3333c3b0d0815f4271c1610c5680f64
1-app-shell/android/images/dgd_coin_face.png,app shell,image,Spinning coin at the top of the ticker screen,512,512,true,,,,164648,,dgd-native:android/app/src/main/res/drawable/dgd_coin_face.png,4b99a9f28470a292dc45dfe1cff2c2dc4e102ca1
1-app-shell/android/audio/open_coin.wav,app shell,audio,Ticker: coin spins in on open,,,,2.42,44100,2,426910,,dgd-native:android/app/src/main/res/raw/open_coin.wav,33d0f7de6f0d66a248cd210fb298d579d5e08d34
1-app-shell/android/audio/burst_firework.wav,app shell,audio,Ticker: particle burst on the coin,,,,3.48,44100,2,614726,,dgd-native:android/app/src/main/res/raw/burst_firework.wav,dde18490e0360b2680a0c7813e2996193fb49381
1-app-shell/android/values/colors.xml,app shell,theme values,,,,,,,,379,,dgd-native:android/app/src/main/res/values/colors.xml,9fcaed09dcd71eec0c043cddd61f079331cfaba0
1-app-shell/android/values/themes.xml,app shell,theme values,,,,,,,,1240,,dgd-native:android/app/src/main/res/values/themes.xml,52a38d66d0ef62ec27f41671225c6f20ebe21f65
1-app-shell/ios/AppIcon.png,app shell (iOS),image,"iOS app icon (1024, one size)",1024,1024,false,,,,102639,iOS is built on the Mac; returned art is passed on there,dgd-native:apple/DigitalGoldTicker/Assets.xcassets/AppIcon.appiconset/AppIcon.png,08c9a10621d7390449cd88e71cc54d79af9c252f
1-app-shell/ios/DGDCoin.png,app shell (iOS),image,DGD coin (full),512,594,true,,,,547192,iOS is built on the Mac; returned art is passed on there,dgd-native:apple/DigitalGoldTicker/Assets.xcassets/DGDCoin.imageset/DGDCoin.png,a4423a61e3333c3b0d0815f4271c1610c5680f64
1-app-shell/ios/DGDCoinFace.png,app shell (iOS),image,"Spinning coin, ticker screen",512,512,true,,,,164648,iOS is built on the Mac; returned art is passed on there,dgd-native:apple/DigitalGoldTicker/Assets.xcassets/DGDCoinFace.imageset/DGDCoinFace.png,4b99a9f28470a292dc45dfe1cff2c2dc4e102ca1
1-app-shell/ios/InviteAppIcon.png,app shell (iOS),image,App icon shown on the Invite Friends screen,1024,1024,false,,,,96640,iOS is built on the Mac; returned art is passed on there,dgd-native:apple/DigitalGoldTicker/Assets.xcassets/InviteAppIcon.imageset/AppIcon.png,d71d4a9806d9bae6d89c9b62109008b8813b6290
1-app-shell/ios/AccentColor.json,app shell (iOS),colour,iOS accent colour,,,,,,,329,iOS is built on the Mac; returned art is passed on there,dgd-native:apple/DigitalGoldTicker/Assets.xcassets/AccentColor.colorset/Contents.json,9dbcff1b2ac4d196b618562fde170505f5cd192f
1-app-shell/store/play-store-icon-512.png,app shell,store graphic,"Google Play listing icon for the DGD app (512x512, no transparency)",512,512,true,,,,63346,,AmbassadorAI:arcade/integration/ic_launcher-playstore.png,6eec7b1688eb2c6bcb547fb6480866ed68219203
2-in-app-arcade/images/bg_dark.png,in-app arcade,image,Full-screen dark background behind the arcade screens,1080,1920,true,,,,8339,Identical file in the web arcade: one new design replaces both,puzzle-app:assets/images/bg_dark.png,899dd78b54e215b3a9c4764197d96b1554f23089
2-in-app-arcade/images-hires-originals/bg_dark.png,in-app arcade,hi-res original,"Original master of bg_dark.png (reference, not shipped)",1080,1920,true,,,,80815,,puzzle-app:assets/_images_full/bg_dark.png,aa27b2cfbf4c2d5761921ac38c58a3adb75f389b
2-in-app-arcade/images/board_cell.png,in-app arcade,image,One cell of the Coin Quest board grid,128,128,true,,,,2469,Identical file in the web arcade: one new design replaces both,puzzle-app:assets/images/board_cell.png,d7988d7003cf921684c04a31e74809cbe321e0ad
2-in-app-arcade/images/coin_gold.png,in-app arcade,image,Hero coin on the arcade home; 1st-place medal,512,512,true,,,,67250,Identical file in the web arcade: one new design replaces both,puzzle-app:assets/images/coin_gold.png,37ebb8cab59db875652cef54c04e28c00f3cb727
2-in-app-arcade/images-hires-originals/coin_gold.png,in-app arcade,hi-res original,"Original master of coin_gold.png (reference, not shipped)",512,512,true,,,,67250,,puzzle-app:assets/_images_full/coin_gold.png,37ebb8cab59db875652cef54c04e28c00f3cb727
2-in-app-arcade/images/coin_rose.png,in-app arcade,image,3rd-place medal; web home decoration,512,512,true,,,,60945,,puzzle-app:assets/images/coin_rose.png,7f140536569eb3d46c59542bf2c14cba31b927d3
2-in-app-arcade/images-hires-originals/coin_rose.png,in-app arcade,hi-res original,"Original master of coin_rose.png (reference, not shipped)",512,512,true,,,,375978,,puzzle-app:assets/_images_full/coin_rose.png,30597bcfe7b2a41f81f7da8f069657f5bcad4b66
2-in-app-arcade/images/coin_silver.png,in-app arcade,image,2nd-place medal; When Pigs Fly silver pickup,512,512,true,,,,48058,,puzzle-app:assets/images/coin_silver.png,63a6d73060f45e8bac4d36fd83578db8b32a1b68
2-in-app-arcade/images-hires-originals/coin_silver.png,in-app arcade,hi-res original,"Original master of coin_silver.png (reference, not shipped)",512,512,true,,,,326199,,puzzle-app:assets/_images_full/coin_silver.png,b83a28ac4bd3f19a582d867764b89dc8bd534798
2-in-app-arcade/images/logo_orange.png,in-app arcade,image,"DGD ""G"" mark, orange (headers, level screen)",512,512,true,,,,33256,Identical file in the web arcade: one new design replaces both,puzzle-app:assets/images/logo_orange.png,77ee2393df1f51506d8205dee4682ab6d089b503
2-in-app-arcade/images/logo_white.png,in-app arcade,image,"DGD ""G"" mark, white (drawn on the board)",512,512,true,,,,25912,Identical file in the web arcade: one new design replaces both,puzzle-app:assets/images/logo_white.png,bbd2f388f919d4d0b891580bb85cb80db2410a7a
2-in-app-arcade/images/node_current.png,in-app arcade,image,Level map: the level you are on,320,320,true,,,,22927,,puzzle-app:assets/images/node_current.png,57fe2c5023a97a9ea6aa7c2c406cdf4d87d3cea6
2-in-app-arcade/images-hires-originals/node_current.png,in-app arcade,hi-res original,"Original master of node_current.png (reference, not shipped)",320,320,true,,,,147133,,puzzle-app:assets/_images_full/node_current.png,c27d8693b8354db6f9d6f888698ab886c7b34c14
2-in-app-arcade/images/node_done.png,in-app arcade,image,Level map: a cleared level,320,320,true,,,,17673,,puzzle-app:assets/images/node_done.png,499d21ba985e4babf620076ae78f6f13159fafc0
2-in-app-arcade/images-hires-originals/node_done.png,in-app arcade,hi-res original,"Original master of node_done.png (reference, not shipped)",320,320,true,,,,100517,,puzzle-app:assets/_images_full/node_done.png,50d518251ac4b5902b2a5db395b303a820c390b1
2-in-app-arcade/images/node_locked.png,in-app arcade,image,Level map: a locked level,320,320,true,,,,10614,,puzzle-app:assets/images/node_locked.png,f82fbb7f7b18588597a1267aa8177957a5ed8374
2-in-app-arcade/images-hires-originals/node_locked.png,in-app arcade,hi-res original,"Original master of node_locked.png (reference, not shipped)",320,320,true,,,,74558,,puzzle-app:assets/_images_full/node_locked.png,7f337eabd51fa6545d5a89f01350f7e4e83bb33a
2-in-app-arcade/images/piece_blue.png,in-app arcade,image,Coin Quest piece: sapphire/blue coin,256,256,true,,,,42033,Identical file in the web arcade: one new design replaces both,puzzle-app:assets/images/piece_blue.png,e052e5c2818174c3dbd74a4643929f338744da8f
2-in-app-arcade/images/piece_copper.png,in-app arcade,image,Coin Quest piece: copper coin,256,256,true,,,,39360,Identical file in the web arcade: one new design replaces both,puzzle-app:assets/images/piece_copper.png,a6d8c4e657babe285cbb185787cba8e76d7a77be
2-in-app-arcade/images-hires-originals/piece_copper.png,in-app arcade,hi-res original,"Original master of piece_copper.png (reference, not shipped)",512,512,true,,,,378118,,puzzle-app:assets/_images_full/piece_copper.png,5240073c783f906bf9c27dc062ceafe65df782f6
2-in-app-arcade/images/piece_gold.png,in-app arcade,image,Coin Quest piece: gold coin,256,256,true,,,,38931,Identical file in the web arcade: one new design replaces both,puzzle-app:assets/images/piece_gold.png,b700c1fcd6107569f9277f568f2e9298ead21a7d
2-in-app-arcade/images-hires-originals/piece_gold.png,in-app arcade,hi-res original,"Original master of piece_gold.png (reference, not shipped)",512,512,true,,,,400902,,puzzle-app:assets/_images_full/piece_gold.png,2c5d9ad6bbbeaee911217e5cb95b3c2fa28fcea5
2-in-app-arcade/images/piece_green.png,in-app arcade,image,Coin Quest piece: emerald/green coin,256,256,true,,,,38011,Identical file in the web arcade: one new design replaces both,puzzle-app:assets/images/piece_green.png,b5d14b4a57d15b6666477f0d507fb25aba789af5
2-in-app-arcade/images/piece_ingot.png,in-app arcade,image,Coin Quest special: gold ingot (drop it to the bottom),256,256,true,,,,8254,Identical file in the web arcade: one new design replaces both,puzzle-app:assets/images/piece_ingot.png,a66946690361ad42d48844900c794962eae6d576
2-in-app-arcade/images/piece_red.png,in-app arcade,image,Coin Quest piece: rose/red coin,256,256,true,,,,40383,Identical file in the web arcade: one new design replaces both,puzzle-app:assets/images/piece_red.png,27f4a16b1dfd113765f2545ddaf670836fb5eec9
2-in-app-arcade/images/piece_silver.png,in-app arcade,image,Coin Quest piece: silver coin,256,256,true,,,,39727,Identical file in the web arcade: one new design replaces both,puzzle-app:assets/images/piece_silver.png,812f1be276829a591f1ecb4fb23956c362ff9bb7
2-in-app-arcade/images-hires-originals/piece_silver.png,in-app arcade,hi-res original,"Original master of piece_silver.png (reference, not shipped)",512,512,true,,,,344946,,puzzle-app:assets/_images_full/piece_silver.png,09043f02017681b806d6dd7addff5e4c19b50384
2-in-app-arcade/images/piece_vault.png,in-app arcade,image,Coin Quest obstacle: vault,256,256,true,,,,21159,Identical file in the web arcade: one new design replaces both,puzzle-app:assets/images/piece_vault.png,f464132933b531f1660608d1a3025758182c77d1
2-in-app-arcade/images/piece_vault_armored.png,in-app arcade,image,Coin Quest obstacle: armoured vault (two hits),256,256,true,,,,27193,Identical file in the web arcade: one new design replaces both,puzzle-app:assets/images/piece_vault_armored.png,5be0ccfe99c76b3e9d9cedf5d5073547022e2bad
2-in-app-arcade/images/seal_1.png,in-app arcade,image,"Coin Quest obstacle: wax seal, first layer",256,256,true,,,,6980,Identical file in the web arcade: one new design replaces both,puzzle-app:assets/images/seal_1.png,5fc6f94f56d8721931a960c7167f1580103a00d6
2-in-app-arcade/images/seal_2.png,in-app arcade,image,"Coin Quest obstacle: wax seal, second layer",256,256,true,,,,8317,Identical file in the web arcade: one new design replaces both,puzzle-app:assets/images/seal_2.png,dfb9a0e64f19dc0ffd53d3ddd573f25d1d21adeb
2-in-app-arcade/reference/coinquest_sheet.png,in-app arcade,reference sheet,Earlier art board (reference only),1400,760,true,,,,372576,,puzzle-app:assets/coinquest_sheet.png,b01ed7ec50a02f3dffd075236d461ee044f01784
2-in-app-arcade/reference/contact_sheet.png,in-app arcade,reference sheet,Earlier art board (reference only),1500,1560,true,,,,625606,,puzzle-app:assets/contact_sheet.png,99c69c186745f67810f701583316c94fa8d498f8
2-in-app-arcade/audio/sfx/bomb.wav,in-app arcade,audio (sfx),Bomb coin,,,,0.80,22050,1,35324,,puzzle-app:assets/audio/bomb.wav,32b066630ae041dda22a3b4ca19199bd3a0fe320
2-in-app-arcade/audio/sfx/coin_drop.wav,in-app arcade,audio (sfx),Coin movement,,,,0.22,22050,1,9746,,puzzle-app:assets/audio/coin_drop.wav,234ed36e5847f23ac4317d1189edebfbdab0fc59
2-in-app-arcade/audio/sfx/coin_flip_1.wav,in-app arcade,audio (sfx),Coin movement,,,,0.05,22050,1,2248,,puzzle-app:assets/audio/coin_flip_1.wav,b89602496da2a1ded2205add97a02c999bc0b260
2-in-app-arcade/audio/sfx/coin_flip_2.wav,in-app arcade,audio (sfx),Coin movement,,,,0.05,22050,1,2248,,puzzle-app:assets/audio/coin_flip_2.wav,f43f1cfeee41238ef9920c4f6fe9be1122753e7f
2-in-app-arcade/audio/sfx/coin_flip_3.wav,in-app arcade,audio (sfx),Coin movement,,,,0.05,22050,1,2248,,puzzle-app:assets/audio/coin_flip_3.wav,1666fb104594b36dfb87e988778b9a19afe51b0b
2-in-app-arcade/audio/sfx/coin_roll.wav,in-app arcade,audio (sfx),Coin movement,,,,0.17,22050,1,7540,,puzzle-app:assets/audio/coin_roll.wav,06c1f97cd43b3deee5ed93e36b22a04ac1981452
2-in-app-arcade/audio/sfx/coin_spin.wav,in-app arcade,audio (sfx),Coin movement,,,,0.33,22050,1,14816,,puzzle-app:assets/audio/coin_spin.wav,85286f984e3f670d84de2fceaec004cc94b81cdd
2-in-app-arcade/audio/sfx/coins_pour.wav,in-app arcade,audio (sfx),Coins pouring (result screen),,,,0.58,22050,1,25528,,puzzle-app:assets/audio/coins_pour.wav,b63ace0f29c86ec21b652d51ba12baf0c2bafd2b
2-in-app-arcade/audio/sfx/combo2.wav,in-app arcade,audio (sfx),Cascade combo,,,,0.29,22050,1,12832,,puzzle-app:assets/audio/combo2.wav,97c814907ec3774d1ac28849556f782c7f58817c
2-in-app-arcade/audio/sfx/combo3.wav,in-app arcade,audio (sfx),Cascade combo,,,,0.34,22050,1,15258,,puzzle-app:assets/audio/combo3.wav,3b5795f45d36e801d92197308a8a8820b47ee26b
2-in-app-arcade/audio/sfx/combo4.wav,in-app arcade,audio (sfx),Cascade combo,,,,0.40,22050,1,17684,,puzzle-app:assets/audio/combo4.wav,7166b347a01753292b7695dcdfc73f3fe5074ae0
2-in-app-arcade/audio/sfx/combo5.wav,in-app arcade,audio (sfx),Cascade combo,,,,0.45,22050,1,20108,,puzzle-app:assets/audio/combo5.wav,711b9026e019f53530091c43f0fc71761c16cf70
2-in-app-arcade/audio/sfx/fw_burst_1.wav,in-app arcade,audio (sfx),Fireworks on a win (web only; muted in the phone app),,,,1.25,44100,1,110294,Not played inside the DGD app (no prize-style celebration there),puzzle-app:assets/audio/fw_burst_1.wav,50be2bbaeaf926bc345a5d4b717711bc6dd63d13
2-in-app-arcade/audio/sfx/fw_burst_2.wav,in-app arcade,audio (sfx),Fireworks on a win (web only; muted in the phone app),,,,1.25,44100,1,110294,Not played inside the DGD app (no prize-style celebration there),puzzle-app:assets/audio/fw_burst_2.wav,805bd3f490ec80b7a5e22ce6dfecfd5b0cb75f20
2-in-app-arcade/audio/sfx/fw_burst_3.wav,in-app arcade,audio (sfx),Fireworks on a win (web only; muted in the phone app),,,,1.25,44100,1,110294,Not played inside the DGD app (no prize-style celebration there),puzzle-app:assets/audio/fw_burst_3.wav,2c97a04eb0c602a72fc556d6dd06ef537536fa2e
2-in-app-arcade/audio/sfx/fw_crackle_1.wav,in-app arcade,audio (sfx),Fireworks on a win (web only; muted in the phone app),,,,1.35,44100,1,119114,Not played inside the DGD app (no prize-style celebration there),puzzle-app:assets/audio/fw_crackle_1.wav,50293065c7d6ba8b11c119bae8ba3784ee984b83
2-in-app-arcade/audio/sfx/fw_crackle_2.wav,in-app arcade,audio (sfx),Fireworks on a win (web only; muted in the phone app),,,,1.35,44100,1,119114,Not played inside the DGD app (no prize-style celebration there),puzzle-app:assets/audio/fw_crackle_2.wav,44e71a47c78a15b447e91d1e47b2b667e3904daf
2-in-app-arcade/audio/sfx/fw_crackle_3.wav,in-app arcade,audio (sfx),Fireworks on a win (web only; muted in the phone app),,,,1.35,44100,1,119114,Not played inside the DGD app (no prize-style celebration there),puzzle-app:assets/audio/fw_crackle_3.wav,40cdb15f792f25010bc9c0e032581adbed1cb3ed
2-in-app-arcade/audio/sfx/fw_finale.wav,in-app arcade,audio (sfx),Fireworks on a win (web only; muted in the phone app),,,,2.10,44100,1,185264,Not played inside the DGD app (no prize-style celebration there),puzzle-app:assets/audio/fw_finale.wav,a56c067a041a1a0b3885393fa5d8c254afbd379b
2-in-app-arcade/audio/sfx/fw_lift_1.wav,in-app arcade,audio (sfx),Fireworks on a win (web only; muted in the phone app),,,,0.68,44100,1,60020,Not played inside the DGD app (no prize-style celebration there),puzzle-app:assets/audio/fw_lift_1.wav,8133996fd6b8e17ab6326e72879fd9c36ede611e
2-in-app-arcade/audio/sfx/fw_lift_2.wav,in-app arcade,audio (sfx),Fireworks on a win (web only; muted in the phone app),,,,0.78,44100,1,68840,Not played inside the DGD app (no prize-style celebration there),puzzle-app:assets/audio/fw_lift_2.wav,0b080e59a6577a240997644d8fd34e952d936c4a
2-in-app-arcade/audio/sfx/fw_lift_3.wav,in-app arcade,audio (sfx),Fireworks on a win (web only; muted in the phone app),,,,0.62,44100,1,54728,Not played inside the DGD app (no prize-style celebration there),puzzle-app:assets/audio/fw_lift_3.wav,8dc9d92c4509c67edf995a25dd41fe0a8596c932
2-in-app-arcade/audio/sfx/ingot_land.wav,in-app arcade,audio (sfx),Ingot reaching the bottom,,,,0.70,22050,1,30912,,puzzle-app:assets/audio/ingot_land.wav,e65a1db383b08bfb0dacb068347936022be4f855
2-in-app-arcade/audio/sfx/invalid_1.wav,in-app arcade,audio (sfx),Swap that does not match,,,,0.16,22050,1,7100,,puzzle-app:assets/audio/invalid_1.wav,c4e85bf54a526bd3b12246e47c87c337b420b28a
2-in-app-arcade/audio/sfx/invalid_2.wav,in-app arcade,audio (sfx),Swap that does not match,,,,0.16,22050,1,7100,,puzzle-app:assets/audio/invalid_2.wav,fd6e1faef9b1deb84aed1c04f4e55beda80ab5a1
2-in-app-arcade/audio/sfx/invalid_3.wav,in-app arcade,audio (sfx),Swap that does not match,,,,0.16,22050,1,7100,,puzzle-app:assets/audio/invalid_3.wav,ae1af306056e86353689e5956203bc8965681722
2-in-app-arcade/audio/sfx/land_1.wav,in-app arcade,audio (sfx),Coins landing after a fall,,,,0.20,22050,1,8864,,puzzle-app:assets/audio/land_1.wav,ca96115496c59272ed0863ff8e7352b97b275f7f
2-in-app-arcade/audio/sfx/land_2.wav,in-app arcade,audio (sfx),Coins landing after a fall,,,,0.20,22050,1,8864,,puzzle-app:assets/audio/land_2.wav,2f491678b58f9da6269d4a3dbef32a609f1482ba
2-in-app-arcade/audio/sfx/land_3.wav,in-app arcade,audio (sfx),Coins landing after a fall,,,,0.20,22050,1,8864,,puzzle-app:assets/audio/land_3.wav,c21a7d677f9c5d62dfc34fad6bc929016a994a6e
2-in-app-arcade/audio/sfx/lose.wav,in-app arcade,audio (sfx),Level lost,,,,0.64,22050,1,28268,,puzzle-app:assets/audio/lose.wav,91ffa8703a64a2f41b4361c3bdb99765a9c360bd
2-in-app-arcade/audio/music/music_quest.mp3,in-app arcade,audio (music),"Music: Coin Quest (Quest Tune), level map and levels",,,,328.13,44100,1,3938473,,puzzle-app:assets/audio/music_quest.mp3,0da9d1fcc28d1e6e31226f14528178aede1fe156
2-in-app-arcade/audio/sfx/pop1_1.wav,in-app arcade,audio (sfx),Coins clearing (pitch rises with the cascade),,,,0.21,22050,1,9392,,puzzle-app:assets/audio/pop1_1.wav,58ff4f0879f6430a3989cb0782151777efcdddb8
2-in-app-arcade/audio/sfx/pop1_2.wav,in-app arcade,audio (sfx),Coins clearing (pitch rises with the cascade),,,,0.21,22050,1,9392,,puzzle-app:assets/audio/pop1_2.wav,378407c5d1055a78af27591573d2f752913f0e50
2-in-app-arcade/audio/sfx/pop1_3.wav,in-app arcade,audio (sfx),Coins clearing (pitch rises with the cascade),,,,0.21,22050,1,9392,,puzzle-app:assets/audio/pop1_3.wav,50e77a6417f61b63baa915dec58b0a4445c3df12
2-in-app-arcade/audio/sfx/pop2_1.wav,in-app arcade,audio (sfx),Coins clearing (pitch rises with the cascade),,,,0.22,22050,1,9922,,puzzle-app:assets/audio/pop2_1.wav,93cae54ab9bf92734eb2f28baf074a67eba0a9e2
2-in-app-arcade/audio/sfx/pop2_2.wav,in-app arcade,audio (sfx),Coins clearing (pitch rises with the cascade),,,,0.22,22050,1,9922,,puzzle-app:assets/audio/pop2_2.wav,3ddc477c23ad544667ceffebead5163c436f000f
2-in-app-arcade/audio/sfx/pop2_3.wav,in-app arcade,audio (sfx),Coins clearing (pitch rises with the cascade),,,,0.22,22050,1,9922,,puzzle-app:assets/audio/pop2_3.wav,14febab6c32f12b0c8f7aa5a8f98b39f7fabb3f1
2-in-app-arcade/audio/sfx/pop3_1.wav,in-app arcade,audio (sfx),Coins clearing (pitch rises with the cascade),,,,0.24,22050,1,10450,,puzzle-app:assets/audio/pop3_1.wav,56624e8bccea83a08605a4430e3d65c540b4ff9b
2-in-app-arcade/audio/sfx/pop3_2.wav,in-app arcade,audio (sfx),Coins clearing (pitch rises with the cascade),,,,0.24,22050,1,10450,,puzzle-app:assets/audio/pop3_2.wav,e0971f0bbc782006f58aac918e019a9325fb6140
2-in-app-arcade/audio/sfx/pop3_3.wav,in-app arcade,audio (sfx),Coins clearing (pitch rises with the cascade),,,,0.24,22050,1,10450,,puzzle-app:assets/audio/pop3_3.wav,221cbebcdb5bef4bd6678295ef966b9e33889eeb
2-in-app-arcade/audio/sfx/pop4_1.wav,in-app arcade,audio (sfx),Coins clearing (pitch rises with the cascade),,,,0.25,22050,1,10980,,puzzle-app:assets/audio/pop4_1.wav,f7263517db1a909681d726427ebe0da4ffb968a1
2-in-app-arcade/audio/sfx/pop4_2.wav,in-app arcade,audio (sfx),Coins clearing (pitch rises with the cascade),,,,0.25,22050,1,10980,,puzzle-app:assets/audio/pop4_2.wav,4961bcc904425a21a08c3a9a4a3e5bf555cdc1fb
2-in-app-arcade/audio/sfx/pop4_3.wav,in-app arcade,audio (sfx),Coins clearing (pitch rises with the cascade),,,,0.25,22050,1,10980,,puzzle-app:assets/audio/pop4_3.wav,502d91ee22d07fe930cfb72d404c7a111da85390
2-in-app-arcade/audio/sfx/pop5_1.wav,in-app arcade,audio (sfx),Coins clearing (pitch rises with the cascade),,,,0.26,22050,1,11510,,puzzle-app:assets/audio/pop5_1.wav,0a879cd9b9efd2ebf0648515c6330a94c4aa2d6a
2-in-app-arcade/audio/sfx/pop5_2.wav,in-app arcade,audio (sfx),Coins clearing (pitch rises with the cascade),,,,0.26,22050,1,11510,,puzzle-app:assets/audio/pop5_2.wav,676e7f239a848e4cc7ec0800680b5035b98d3b65
2-in-app-arcade/audio/sfx/pop5_3.wav,in-app arcade,audio (sfx),Coins clearing (pitch rises with the cascade),,,,0.26,22050,1,11510,,puzzle-app:assets/audio/pop5_3.wav,01cd8ef1b59ed51ae46fe3ed5be122579297e0a9
2-in-app-arcade/audio/sfx/seal_1.wav,in-app arcade,audio (sfx),Seal cracked,,,,0.07,22050,1,3130,,puzzle-app:assets/audio/seal_1.wav,8cea4379d74effe1c3f8733c91fe42501b7d649b
2-in-app-arcade/audio/sfx/seal_2.wav,in-app arcade,audio (sfx),Seal cracked,,,,0.07,22050,1,3130,,puzzle-app:assets/audio/seal_2.wav,80de8001296a0fbf239c2718ac8dcb991a79e80f
2-in-app-arcade/audio/sfx/seal_3.wav,in-app arcade,audio (sfx),Seal cracked,,,,0.07,22050,1,3130,,puzzle-app:assets/audio/seal_3.wav,367a21dfcec695e7dbc750f2e143d61146172096
2-in-app-arcade/audio/sfx/special_create.wav,in-app arcade,audio (sfx),Special coin made (four or five in a row),,,,0.29,22050,1,13052,,puzzle-app:assets/audio/special_create.wav,9f454b0882a799376e5462bc555db1377d3bf34d
2-in-app-arcade/audio/sfx/special_fire.wav,in-app arcade,audio (sfx),Special coin fired,,,,0.26,22050,1,11510,,puzzle-app:assets/audio/special_fire.wav,6e0f34ebc7cbd7bb60530ad64adb44ea583e0ceb
2-in-app-arcade/audio/sfx/star1.wav,in-app arcade,audio (sfx),Star earned on the result screen,,,,0.20,22050,1,8864,,puzzle-app:assets/audio/star1.wav,003b55e336301e146e3c30d56f0ae0a822b3e062
2-in-app-arcade/audio/sfx/star2.wav,in-app arcade,audio (sfx),Star earned on the result screen,,,,0.20,22050,1,8864,,puzzle-app:assets/audio/star2.wav,fd20350ded8f934b2f374a68170f103e05151008
2-in-app-arcade/audio/sfx/star3.wav,in-app arcade,audio (sfx),Star earned on the result screen,,,,0.20,22050,1,8864,,puzzle-app:assets/audio/star3.wav,38b60091721ffaa39aabe7436b28715ee9dd4779
2-in-app-arcade/audio/sfx/swap_1.wav,in-app arcade,audio (sfx),Coin swap,,,,0.13,22050,1,5776,,puzzle-app:assets/audio/swap_1.wav,06bd449d6c3bf528c7994d20b1693a6b3a62cab4
2-in-app-arcade/audio/sfx/swap_2.wav,in-app arcade,audio (sfx),Coin swap,,,,0.13,22050,1,5776,,puzzle-app:assets/audio/swap_2.wav,fb678050edbea3d728165ae3f9f814c34fe52b19
2-in-app-arcade/audio/sfx/swap_3.wav,in-app arcade,audio (sfx),Coin swap,,,,0.13,22050,1,5776,,puzzle-app:assets/audio/swap_3.wav,74db3c6cdc5162ac1520e481ffea2074b2eaca64
2-in-app-arcade/audio/sfx/tap_1.wav,in-app arcade,audio (sfx),UI tap,,,,0.05,22050,1,2468,,puzzle-app:assets/audio/tap_1.wav,47ff31c45b490c098e8efc46b412dc6383314a3c
2-in-app-arcade/audio/sfx/tap_2.wav,in-app arcade,audio (sfx),UI tap,,,,0.05,22050,1,2468,,puzzle-app:assets/audio/tap_2.wav,2d2eb9a3e456f2d5ae34996ce766b4ac075f2c11
2-in-app-arcade/audio/sfx/tap_3.wav,in-app arcade,audio (sfx),UI tap,,,,0.05,22050,1,2468,,puzzle-app:assets/audio/tap_3.wav,1105d14dec38489dfca3070714051a477ac78766
2-in-app-arcade/audio/sfx/ting.wav,in-app arcade,audio (sfx),Small positive cue,,,,0.10,22050,1,4454,,puzzle-app:assets/audio/ting.wav,a5d0412d214fce4a1ef7ea71ccc47951a62570a8
2-in-app-arcade/audio/sfx/vault_break.wav,in-app arcade,audio (sfx),Vault broken,,,,0.55,22050,1,24298,,puzzle-app:assets/audio/vault_break.wav,cbb3e340b710df642ed3bd709adc947c212521d1
2-in-app-arcade/audio/sfx/vault_hit.wav,in-app arcade,audio (sfx),Vault hit,,,,0.30,22050,1,13274,,puzzle-app:assets/audio/vault_hit.wav,64e2ede4d0e1c8f41a91f64ae26463033c5052bd
2-in-app-arcade/audio/voice/vo_almost.wav,in-app arcade,audio (voice),Voice line after a level or a big combo,,,,1.15,44100,1,101284,,puzzle-app:assets/audio/vo_almost.wav,829323e48a1654129fa59f62beb17217163a5990
2-in-app-arcade/audio/voice/vo_believe.wav,in-app arcade,audio (voice),Voice line after a level or a big combo,,,,1.36,44100,1,120030,,puzzle-app:assets/audio/vo_believe.wav,0030e652ff4d26e03b0875fbe85c8a0a592b561e
2-in-app-arcade/audio/voice/vo_dont_give_up.wav,in-app arcade,audio (voice),Voice line after a level or a big combo,,,,1.68,44100,1,148252,,puzzle-app:assets/audio/vo_dont_give_up.wav,1c1fa9b5464c29fc5ad4ec2c8bc346a7106fa207
2-in-app-arcade/audio/voice/vo_fire.wav,in-app arcade,audio (voice),Voice line after a level or a big combo,,,,1.52,44100,1,133918,,puzzle-app:assets/audio/vo_fire.wav,8c7fb3cace7ab334133568eb434caa67eabff823
2-in-app-arcade/audio/voice/vo_got_this.wav,in-app arcade,audio (voice),Voice line after a level or a big combo,,,,1.42,44100,1,125760,,puzzle-app:assets/audio/vo_got_this.wav,728b9559a65b3ead6f575805787a961f5243e845
2-in-app-arcade/audio/voice/vo_great_work.wav,in-app arcade,audio (voice),Voice line after a level or a big combo,,,,1.15,44100,1,101860,,puzzle-app:assets/audio/vo_great_work.wav,09a7f775a6a9ea4ffbe488a27f85cb5337fc957a
2-in-app-arcade/audio/voice/vo_incredible.wav,in-app arcade,audio (voice),Voice line after a level or a big combo,,,,3.12,44100,1,275256,,puzzle-app:assets/audio/vo_incredible.wav,f0fff6c6b6ad49c23f9a679bbe367eed9c231f90
2-in-app-arcade/audio/voice/vo_keep_going.wav,in-app arcade,audio (voice),Voice line after a level or a big combo,,,,1.02,44100,1,89820,,puzzle-app:assets/audio/vo_keep_going.wav,862c0f2e2ffbbf123284d69fd29718c8b3401cb3
2-in-app-arcade/audio/voice/vo_level_complete.wav,in-app arcade,audio (voice),Voice line after a level or a big combo,,,,1.97,44100,1,173512,,puzzle-app:assets/audio/vo_level_complete.wav,9adf6584b1b9e14e0416e6065e7449829a0244ed
2-in-app-arcade/audio/voice/vo_one_more.wav,in-app arcade,audio (voice),Voice line after a level or a big combo,,,,1.12,44100,1,98862,,puzzle-app:assets/audio/vo_one_more.wav,286432d5b1cfaaa6b28d10ac440b8016d862c838
2-in-app-arcade/audio/voice/vo_so_big.wav,in-app arcade,audio (voice),Voice line after a level or a big combo,,,,1.41,44100,1,124578,,puzzle-app:assets/audio/vo_so_big.wav,3767f8b7ea6d7d6bd273b5c714ee27019c4108a4
2-in-app-arcade/audio/voice/vo_unstoppable.wav,in-app arcade,audio (voice),Voice line after a level or a big combo,,,,1.31,44100,1,115428,,puzzle-app:assets/audio/vo_unstoppable.wav,ec811c8bc270ea1ed6a422edc83d92dcc489e23c
2-in-app-arcade/audio/voice/vo_way_to_go.wav,in-app arcade,audio (voice),Voice line after a level or a big combo,,,,1.04,44100,1,91768,,puzzle-app:assets/audio/vo_way_to_go.wav,1a3226225c94f376c507c1aea6e857964fc764f4
2-in-app-arcade/audio/voice/vo_wow.wav,in-app arcade,audio (voice),Voice line after a level or a big combo,,,,1.12,44100,1,98820,,puzzle-app:assets/audio/vo_wow.wav,413c3364b5d285ba0d496b94f8ec163aadb9f89e
2-in-app-arcade/audio/voice/vo_you_rock.wav,in-app arcade,audio (voice),Voice line after a level or a big combo,,,,0.88,44100,1,77694,,puzzle-app:assets/audio/vo_you_rock.wav,db90270e2887646b81df880efd6e018dea6abd47
2-in-app-arcade/audio/voice/vo_you_win.wav,in-app arcade,audio (voice),Voice line after a level or a big combo,,,,1.34,44100,1,117930,Not played inside the DGD app (no prize-style celebration there),puzzle-app:assets/audio/vo_you_win.wav,3d93c56c9e3e695258b453ae29f880c67f31cebd
2-in-app-arcade/audio/sfx/win.wav,in-app arcade,audio (sfx),Level won,,,,1.05,22050,1,46348,,puzzle-app:assets/audio/win.wav,bae032bbfa1f1aab667157bdbf2d73e13aedd8df
2-in-app-arcade/audio/sfx/win_fill.wav,in-app arcade,audio (sfx),Result screen score fill,,,,4.62,22050,1,203582,,puzzle-app:assets/audio/win_fill.wav,27eecb094fe482fc68334ab46cde756350ccae16
3-web-arcade/images/bg_dark.png,web arcade,image,Full-screen dark background behind the arcade screens,1080,1920,true,,,,8339,Identical file in the in-app arcade: one new design replaces both,puzzle-app-v2:assets/images/bg_dark.png (copied into dgd-web-arcade/client),899dd78b54e215b3a9c4764197d96b1554f23089
3-web-arcade/images/board_cell.png,web arcade,image,One cell of the Coin Quest board grid,128,128,true,,,,2469,Identical file in the in-app arcade: one new design replaces both,puzzle-app-v2:assets/images/board_cell.png (copied into dgd-web-arcade/client),d7988d7003cf921684c04a31e74809cbe321e0ad
3-web-arcade/images/boar_juvenile.png,web arcade,sprite sheet,"When Pigs Fly boar, stage 2 (juvenile): 8-frame sprite sheet",3584,448,true,,,,583244,Sheet contract: see the guide. New drawn poses are in progress separately; coordinate before redrawing,puzzle-app-v2:assets/images/boar_juvenile.png (copied into dgd-web-arcade/client),d989e3716612932edcd216bd299bf06922610661
3-web-arcade/images/boar_piglet.png,web arcade,sprite sheet,"When Pigs Fly boar, stage 1 (piglet): 8-frame sprite sheet",3584,448,true,,,,683318,Sheet contract: see the guide. New drawn poses are in progress separately; coordinate before redrawing,puzzle-app-v2:assets/images/boar_piglet.png (copied into dgd-web-arcade/client),7ed2fa567bf8bd55655430ba7e67be88b0ec1a60
3-web-arcade/images/boar_razorback.png,web arcade,sprite sheet,"When Pigs Fly boar, stage 3 (razorback): 8-frame sprite sheet",3584,448,true,,,,570293,Sheet contract: see the guide. New drawn poses are in progress separately; coordinate before redrawing,puzzle-app-v2:assets/images/boar_razorback.png (copied into dgd-web-arcade/client),4349bb1a94dab572799b8ed419dadd9b5229baa9
3-web-arcade/images/card_pigs.png,web arcade,image,Web home: When Pigs Fly game card,256,256,true,,,,67943,,puzzle-app-v2:assets/images/card_pigs.png (copied into dgd-web-arcade/client),09a02ee58282f16c4c7164afbb100ce591d1e1de
3-web-arcade/images/coin_copper.png,web arcade,image,When Pigs Fly copper pickup,512,512,true,,,,156836,,puzzle-app-v2:assets/images/coin_copper.png (copied into dgd-web-arcade/client),e1ad42175c725900e92297e2fd9ecc5492cb3afb
3-web-arcade/images/coin_emerald.png,web arcade,image,Web home: Coin Quest card coin,512,512,true,,,,63965,,puzzle-app-v2:assets/images/coin_emerald.png (copied into dgd-web-arcade/client),19e712da84382bd9d8d6346f856543ce82958a16
3-web-arcade/images/coin_gold.png,web arcade,image,Hero coin on the arcade home; 1st-place medal,512,512,true,,,,67250,Identical file in the in-app arcade: one new design replaces both,puzzle-app-v2:assets/images/coin_gold.png (copied into dgd-web-arcade/client),37ebb8cab59db875652cef54c04e28c00f3cb727
3-web-arcade/images/coin_gold_shiny.png,web arcade,image,When Pigs Fly gold pickup,512,512,true,,,,160909,,puzzle-app-v2:assets/images/coin_gold_shiny.png (copied into dgd-web-arcade/client),218c1b120f1a9966e4ce092cc3cfd794e8ea7810
3-web-arcade/images/coin_rose.png,web arcade,image,3rd-place medal; web home decoration,512,512,true,,,,158809,,puzzle-app-v2:assets/images/coin_rose.png (copied into dgd-web-arcade/client),a43144f67323e77ddbd03fd5e8b68e3bfe0b79a4
3-web-arcade/images/coin_sapphire.png,web arcade,image,Web home: Coin Quest card coin,512,512,true,,,,63717,,puzzle-app-v2:assets/images/coin_sapphire.png (copied into dgd-web-arcade/client),e5212a27a7b7f90bd3829073d2ee42ff23434302
3-web-arcade/images/coin_silver.png,web arcade,image,2nd-place medal; When Pigs Fly silver pickup,512,512,true,,,,152797,,puzzle-app-v2:assets/images/coin_silver.png (copied into dgd-web-arcade/client),5d2504f1ab58c5f1f835a3e0ccec69111fb65d94
3-web-arcade/images/logo_orange.png,web arcade,image,"DGD ""G"" mark, orange (headers, level screen)",512,512,true,,,,33256,Identical file in the in-app arcade: one new design replaces both,puzzle-app-v2:assets/images/logo_orange.png (copied into dgd-web-arcade/client),77ee2393df1f51506d8205dee4682ab6d089b503
3-web-arcade/images/logo_white.png,web arcade,image,"DGD ""G"" mark, white (drawn on the board)",512,512,true,,,,25912,Identical file in the in-app arcade: one new design replaces both,puzzle-app-v2:assets/images/logo_white.png (copied into dgd-web-arcade/client),bbd2f388f919d4d0b891580bb85cb80db2410a7a
3-web-arcade/images/piece_blue.png,web arcade,image,Coin Quest piece: sapphire/blue coin,256,256,true,,,,42033,Identical file in the in-app arcade: one new design replaces both,puzzle-app-v2:assets/images/piece_blue.png (copied into dgd-web-arcade/client),e052e5c2818174c3dbd74a4643929f338744da8f
3-web-arcade/images/piece_copper.png,web arcade,image,Coin Quest piece: copper coin,256,256,true,,,,39360,Identical file in the in-app arcade: one new design replaces both,puzzle-app-v2:assets/images/piece_copper.png (copied into dgd-web-arcade/client),a6d8c4e657babe285cbb185787cba8e76d7a77be
3-web-arcade/images/piece_gold.png,web arcade,image,Coin Quest piece: gold coin,256,256,true,,,,38931,Identical file in the in-app arcade: one new design replaces both,puzzle-app-v2:assets/images/piece_gold.png (copied into dgd-web-arcade/client),b700c1fcd6107569f9277f568f2e9298ead21a7d
3-web-arcade/images/piece_green.png,web arcade,image,Coin Quest piece: emerald/green coin,256,256,true,,,,38011,Identical file in the in-app arcade: one new design replaces both,puzzle-app-v2:assets/images/piece_green.png (copied into dgd-web-arcade/client),b5d14b4a57d15b6666477f0d507fb25aba789af5
3-web-arcade/images/piece_ingot.png,web arcade,image,Coin Quest special: gold ingot (drop it to the bottom),256,256,true,,,,8254,Identical file in the in-app arcade: one new design replaces both,puzzle-app-v2:assets/images/piece_ingot.png (copied into dgd-web-arcade/client),a66946690361ad42d48844900c794962eae6d576
3-web-arcade/images/piece_red.png,web arcade,image,Coin Quest piece: rose/red coin,256,256,true,,,,40383,Identical file in the in-app arcade: one new design replaces both,puzzle-app-v2:assets/images/piece_red.png (copied into dgd-web-arcade/client),27f4a16b1dfd113765f2545ddaf670836fb5eec9
3-web-arcade/images/piece_silver.png,web arcade,image,Coin Quest piece: silver coin,256,256,true,,,,39727,Identical file in the in-app arcade: one new design replaces both,puzzle-app-v2:assets/images/piece_silver.png (copied into dgd-web-arcade/client),812f1be276829a591f1ecb4fb23956c362ff9bb7
3-web-arcade/images/piece_vault.png,web arcade,image,Coin Quest obstacle: vault,256,256,true,,,,21159,Identical file in the in-app arcade: one new design replaces both,puzzle-app-v2:assets/images/piece_vault.png (copied into dgd-web-arcade/client),f464132933b531f1660608d1a3025758182c77d1
3-web-arcade/images/piece_vault_armored.png,web arcade,image,Coin Quest obstacle: armoured vault (two hits),256,256,true,,,,27193,Identical file in the in-app arcade: one new design replaces both,puzzle-app-v2:assets/images/piece_vault_armored.png (copied into dgd-web-arcade/client),5be0ccfe99c76b3e9d9cedf5d5073547022e2bad
3-web-arcade/images/seal_1.png,web arcade,image,"Coin Quest obstacle: wax seal, first layer",256,256,true,,,,6980,Identical file in the in-app arcade: one new design replaces both,puzzle-app-v2:assets/images/seal_1.png (copied into dgd-web-arcade/client),5fc6f94f56d8721931a960c7167f1580103a00d6
3-web-arcade/images/seal_2.png,web arcade,image,"Coin Quest obstacle: wax seal, second layer",256,256,true,,,,8317,Identical file in the in-app arcade: one new design replaces both,puzzle-app-v2:assets/images/seal_2.png (copied into dgd-web-arcade/client),dfb9a0e64f19dc0ffd53d3ddd573f25d1d21adeb
3-web-arcade/browser/favicon.png,web arcade,browser icon,Browser tab icon,16,16,true,,,,917,STILL THE FLUTTER DEFAULT: needs a DGD design,dgd-web-arcade:client/web/favicon.png,61a67757ed3e0129ddccda6e9fa0df255ee92962
3-web-arcade/browser/icons/Icon-192.png,web arcade,browser icon,Home-screen icon when the site is saved as an app,192,192,false,,,,5292,STILL THE FLUTTER DEFAULT: needs a DGD design,dgd-web-arcade:client/web/icons/Icon-192.png,293b2825c89d2abd4b17e2f5ac30c30f5ba3724f
3-web-arcade/browser/icons/Icon-512.png,web arcade,browser icon,Home-screen icon when the site is saved as an app,512,512,false,,,,8252,STILL THE FLUTTER DEFAULT: needs a DGD design,dgd-web-arcade:client/web/icons/Icon-512.png,b3fc122b12b47f9925deaf8158a8e630b610d622
3-web-arcade/browser/icons/Icon-maskable-192.png,web arcade,browser icon,Home-screen icon when the site is saved as an app,192,192,true,,,,5594,STILL THE FLUTTER DEFAULT: needs a DGD design,dgd-web-arcade:client/web/icons/Icon-maskable-192.png,9a193da5a4e84248c507a4714b0fe3d55fb2c229
3-web-arcade/browser/icons/Icon-maskable-512.png,web arcade,browser icon,Home-screen icon when the site is saved as an app,512,512,true,,,,20998,STILL THE FLUTTER DEFAULT: needs a DGD design,dgd-web-arcade:client/web/icons/Icon-maskable-512.png,0322e4c518014094ed2c99d9628d2ef97be26f14
3-web-arcade/browser/manifest.json,web arcade,web app manifest,Name and colours when saved to a home screen,,,,,,,959,STILL THE FLUTTER DEFAULT: needs a DGD design,dgd-web-arcade:client/web/manifest.json,32d301eb12e31a00a51cb702644129720845fe7b
3-web-arcade/pages/rules.html,web arcade,page (HTML/CSS),Rewards & official rules page; its own CSS palette,,,,,,,7345,Restyle freely; the wording is counsel's and COUNSEL boxes are placeholders,dgd-web-arcade:client/web/rules.html,473ac0504670c358df31e97866cf5a9576c44714
3-web-arcade/audio/sfx/ab_blink.wav,web arcade,audio (sfx),"When Pigs Fly: ability sound (dash, grapple, blink, freeze, tractor)",,,,0.36,22050,1,15920,,puzzle-app-v2:assets/audio/ab_blink.wav,f4cbbdac2fbc09af3b384fef6d501252e6a8b149
3-web-arcade/audio/sfx/ab_dash.wav,web arcade,audio (sfx),"When Pigs Fly: ability sound (dash, grapple, blink, freeze, tractor)",,,,0.42,22050,1,18566,,puzzle-app-v2:assets/audio/ab_dash.wav,40a9c1fc67378c682ce7ea7fccc3fcd30e83f73f
3-web-arcade/audio/sfx/ab_freeze_fire.wav,web arcade,audio (sfx),"When Pigs Fly: ability sound (dash, grapple, blink, freeze, tractor)",,,,0.30,22050,1,13274,,puzzle-app-v2:assets/audio/ab_freeze_fire.wav,a393d85f3087c3e3fede2a587590f929db154434
3-web-arcade/audio/sfx/ab_freeze_hit.wav,web arcade,audio (sfx),"When Pigs Fly: ability sound (dash, grapple, blink, freeze, tractor)",,,,0.70,22050,1,30912,,puzzle-app-v2:assets/audio/ab_freeze_hit.wav,c1180a474968f47b4756458ab58fa59183533b08
3-web-arcade/audio/sfx/ab_grapple.wav,web arcade,audio (sfx),"When Pigs Fly: ability sound (dash, grapple, blink, freeze, tractor)",,,,0.60,22050,1,26504,,puzzle-app-v2:assets/audio/ab_grapple.wav,71f3d06f88c8c7019fa75b687ab47dcd6e442171
3-web-arcade/audio/sfx/ab_tractor.wav,web arcade,audio (sfx),"When Pigs Fly: ability sound (dash, grapple, blink, freeze, tractor)",,,,1.00,22050,1,44144,,puzzle-app-v2:assets/audio/ab_tractor.wav,cfce6ee1d3364f2682d30410862da4d3b1ce2d09
3-web-arcade/audio/sfx/bomb.wav,web arcade,audio (sfx),Bomb coin,,,,0.80,22050,1,35324,,puzzle-app-v2:assets/audio/bomb.wav,32b066630ae041dda22a3b4ca19199bd3a0fe320
3-web-arcade/audio/sfx/coin_drop.wav,web arcade,audio (sfx),Coin movement,,,,0.22,22050,1,9746,,puzzle-app-v2:assets/audio/coin_drop.wav,234ed36e5847f23ac4317d1189edebfbdab0fc59
3-web-arcade/audio/sfx/coin_flip_1.wav,web arcade,audio (sfx),Coin movement,,,,0.05,22050,1,2248,,puzzle-app-v2:assets/audio/coin_flip_1.wav,b89602496da2a1ded2205add97a02c999bc0b260
3-web-arcade/audio/sfx/coin_flip_2.wav,web arcade,audio (sfx),Coin movement,,,,0.05,22050,1,2248,,puzzle-app-v2:assets/audio/coin_flip_2.wav,f43f1cfeee41238ef9920c4f6fe9be1122753e7f
3-web-arcade/audio/sfx/coin_flip_3.wav,web arcade,audio (sfx),Coin movement,,,,0.05,22050,1,2248,,puzzle-app-v2:assets/audio/coin_flip_3.wav,1666fb104594b36dfb87e988778b9a19afe51b0b
3-web-arcade/audio/sfx/coin_roll.wav,web arcade,audio (sfx),Coin movement,,,,0.17,22050,1,7540,,puzzle-app-v2:assets/audio/coin_roll.wav,06c1f97cd43b3deee5ed93e36b22a04ac1981452
3-web-arcade/audio/sfx/coin_spin.wav,web arcade,audio (sfx),Coin movement,,,,0.33,22050,1,14816,,puzzle-app-v2:assets/audio/coin_spin.wav,85286f984e3f670d84de2fceaec004cc94b81cdd
3-web-arcade/audio/sfx/coins_pour.wav,web arcade,audio (sfx),Coins pouring (result screen),,,,0.58,22050,1,25528,,puzzle-app-v2:assets/audio/coins_pour.wav,b63ace0f29c86ec21b652d51ba12baf0c2bafd2b
3-web-arcade/audio/sfx/combo2.wav,web arcade,audio (sfx),Cascade combo,,,,0.29,22050,1,12832,,puzzle-app-v2:assets/audio/combo2.wav,97c814907ec3774d1ac28849556f782c7f58817c
3-web-arcade/audio/sfx/combo3.wav,web arcade,audio (sfx),Cascade combo,,,,0.34,22050,1,15258,,puzzle-app-v2:assets/audio/combo3.wav,3b5795f45d36e801d92197308a8a8820b47ee26b
3-web-arcade/audio/sfx/combo4.wav,web arcade,audio (sfx),Cascade combo,,,,0.40,22050,1,17684,,puzzle-app-v2:assets/audio/combo4.wav,7166b347a01753292b7695dcdfc73f3fe5074ae0
3-web-arcade/audio/sfx/combo5.wav,web arcade,audio (sfx),Cascade combo,,,,0.45,22050,1,20108,,puzzle-app-v2:assets/audio/combo5.wav,711b9026e019f53530091c43f0fc71761c16cf70
3-web-arcade/audio/sfx/flap_juvenile_1.wav,web arcade,audio (sfx),"When Pigs Fly: wing flap, per boar stage",,,,0.24,22050,1,10822,,puzzle-app-v2:assets/audio/flap_juvenile_1.wav,df9cda2c9df7fc04cb697b12f30365c195375ac1
3-web-arcade/audio/sfx/flap_juvenile_2.wav,web arcade,audio (sfx),"When Pigs Fly: wing flap, per boar stage",,,,0.26,22050,1,11510,,puzzle-app-v2:assets/audio/flap_juvenile_2.wav,d3e3b854cd308754e2af24f67acbb8ff197d9f8c
3-web-arcade/audio/sfx/flap_juvenile_3.wav,web arcade,audio (sfx),"When Pigs Fly: wing flap, per boar stage",,,,0.28,22050,1,12196,,puzzle-app-v2:assets/audio/flap_juvenile_3.wav,7668e6e087adede46293991dbe01eef51d9ac35d
3-web-arcade/audio/sfx/flap_piglet_1.wav,web arcade,audio (sfx),"When Pigs Fly: wing flap, per boar stage",,,,0.15,22050,1,6676,,puzzle-app-v2:assets/audio/flap_piglet_1.wav,c98b1786848b33f198355cf183e180b3a5d3451a
3-web-arcade/audio/sfx/flap_piglet_2.wav,web arcade,audio (sfx),"When Pigs Fly: wing flap, per boar stage",,,,0.16,22050,1,7100,,puzzle-app-v2:assets/audio/flap_piglet_2.wav,1b65bd288cc2e238368283ea7847b9957c9c67f8
3-web-arcade/audio/sfx/flap_piglet_3.wav,web arcade,audio (sfx),"When Pigs Fly: wing flap, per boar stage",,,,0.17,22050,1,7522,,puzzle-app-v2:assets/audio/flap_piglet_3.wav,70d9d21391783adcd244b9e63d33090952794341
3-web-arcade/audio/sfx/flap_razorback_1.wav,web arcade,audio (sfx),"When Pigs Fly: wing flap, per boar stage",,,,0.34,22050,1,14966,,puzzle-app-v2:assets/audio/flap_razorback_1.wav,08164333b54bcf1d46dc7850217e29983a82d992
3-web-arcade/audio/sfx/flap_razorback_2.wav,web arcade,audio (sfx),"When Pigs Fly: wing flap, per boar stage",,,,0.36,22050,1,15920,,puzzle-app-v2:assets/audio/flap_razorback_2.wav,d5a04a2652ace618334063c7f0463020ceb9d99a
3-web-arcade/audio/sfx/flap_razorback_3.wav,web arcade,audio (sfx),"When Pigs Fly: wing flap, per boar stage",,,,0.38,22050,1,16872,,puzzle-app-v2:assets/audio/flap_razorback_3.wav,981a29278d4caf8be6326cd457d8744f1be3a35e
3-web-arcade/audio/sfx/fw_burst_1.wav,web arcade,audio (sfx),Fireworks on a win (web only; muted in the phone app),,,,1.25,44100,1,110294,,puzzle-app-v2:assets/audio/fw_burst_1.wav,50be2bbaeaf926bc345a5d4b717711bc6dd63d13
3-web-arcade/audio/sfx/fw_burst_2.wav,web arcade,audio (sfx),Fireworks on a win (web only; muted in the phone app),,,,1.25,44100,1,110294,,puzzle-app-v2:assets/audio/fw_burst_2.wav,805bd3f490ec80b7a5e22ce6dfecfd5b0cb75f20
3-web-arcade/audio/sfx/fw_burst_3.wav,web arcade,audio (sfx),Fireworks on a win (web only; muted in the phone app),,,,1.25,44100,1,110294,,puzzle-app-v2:assets/audio/fw_burst_3.wav,2c97a04eb0c602a72fc556d6dd06ef537536fa2e
3-web-arcade/audio/sfx/fw_crackle_1.wav,web arcade,audio (sfx),Fireworks on a win (web only; muted in the phone app),,,,1.35,44100,1,119114,,puzzle-app-v2:assets/audio/fw_crackle_1.wav,50293065c7d6ba8b11c119bae8ba3784ee984b83
3-web-arcade/audio/sfx/fw_crackle_2.wav,web arcade,audio (sfx),Fireworks on a win (web only; muted in the phone app),,,,1.35,44100,1,119114,,puzzle-app-v2:assets/audio/fw_crackle_2.wav,44e71a47c78a15b447e91d1e47b2b667e3904daf
3-web-arcade/audio/sfx/fw_crackle_3.wav,web arcade,audio (sfx),Fireworks on a win (web only; muted in the phone app),,,,1.35,44100,1,119114,,puzzle-app-v2:assets/audio/fw_crackle_3.wav,40cdb15f792f25010bc9c0e032581adbed1cb3ed
3-web-arcade/audio/sfx/fw_finale.wav,web arcade,audio (sfx),Fireworks on a win (web only; muted in the phone app),,,,2.10,44100,1,185264,,puzzle-app-v2:assets/audio/fw_finale.wav,a56c067a041a1a0b3885393fa5d8c254afbd379b
3-web-arcade/audio/sfx/fw_lift_1.wav,web arcade,audio (sfx),Fireworks on a win (web only; muted in the phone app),,,,0.68,44100,1,60020,,puzzle-app-v2:assets/audio/fw_lift_1.wav,8133996fd6b8e17ab6326e72879fd9c36ede611e
3-web-arcade/audio/sfx/fw_lift_2.wav,web arcade,audio (sfx),Fireworks on a win (web only; muted in the phone app),,,,0.78,44100,1,68840,,puzzle-app-v2:assets/audio/fw_lift_2.wav,0b080e59a6577a240997644d8fd34e952d936c4a
3-web-arcade/audio/sfx/fw_lift_3.wav,web arcade,audio (sfx),Fireworks on a win (web only; muted in the phone app),,,,0.62,44100,1,54728,,puzzle-app-v2:assets/audio/fw_lift_3.wav,8dc9d92c4509c67edf995a25dd41fe0a8596c932
3-web-arcade/audio/sfx/grunt_juvenile_1.wav,web arcade,audio (sfx),"When Pigs Fly: hit / hurt grunt, per stage",,,,0.25,22050,1,10936,,puzzle-app-v2:assets/audio/grunt_juvenile_1.wav,40a49dd1f60350f2d2468f16026ae8cc189b727a
3-web-arcade/audio/sfx/grunt_juvenile_2.wav,web arcade,audio (sfx),"When Pigs Fly: hit / hurt grunt, per stage",,,,0.26,22050,1,11510,,puzzle-app-v2:assets/audio/grunt_juvenile_2.wav,48f48bbfeef2c2bdaf9e1403b774e8098e901530
3-web-arcade/audio/sfx/grunt_juvenile_3.wav,web arcade,audio (sfx),"When Pigs Fly: hit / hurt grunt, per stage",,,,0.27,22050,1,12082,,puzzle-app-v2:assets/audio/grunt_juvenile_3.wav,1a7058bf3765854ecb5edf7806f1dc0965cd163c
3-web-arcade/audio/sfx/grunt_piglet_1.wav,web arcade,audio (sfx),"When Pigs Fly: hit / hurt grunt, per stage",,,,0.32,22050,1,14288,,puzzle-app-v2:assets/audio/grunt_piglet_1.wav,a7b920772c9e0d434b52efeaad4dd83d099328b3
3-web-arcade/audio/sfx/grunt_piglet_2.wav,web arcade,audio (sfx),"When Pigs Fly: hit / hurt grunt, per stage",,,,0.34,22050,1,15038,,puzzle-app-v2:assets/audio/grunt_piglet_2.wav,0dc3606966d0e730bed95a41f07c73ea0052ecdd
3-web-arcade/audio/sfx/grunt_piglet_3.wav,web arcade,audio (sfx),"When Pigs Fly: hit / hurt grunt, per stage",,,,0.36,22050,1,15786,,puzzle-app-v2:assets/audio/grunt_piglet_3.wav,fb9d452d64b18c10074412f9d67170bede569ccf
3-web-arcade/audio/sfx/grunt_razorback_1.wav,web arcade,audio (sfx),"When Pigs Fly: hit / hurt grunt, per stage",,,,0.44,22050,1,19314,,puzzle-app-v2:assets/audio/grunt_razorback_1.wav,31fd2a2026d4c9459250670cba1f98d58b67c4d7
3-web-arcade/audio/sfx/grunt_razorback_2.wav,web arcade,audio (sfx),"When Pigs Fly: hit / hurt grunt, per stage",,,,0.46,22050,1,20330,,puzzle-app-v2:assets/audio/grunt_razorback_2.wav,5bc22286e4178fd0ae81f8efd378b55bb075d51b
3-web-arcade/audio/sfx/grunt_razorback_3.wav,web arcade,audio (sfx),"When Pigs Fly: hit / hurt grunt, per stage",,,,0.48,22050,1,21344,,puzzle-app-v2:assets/audio/grunt_razorback_3.wav,9483703cb51f2e5adda0ec4c7239d011861763d5
3-web-arcade/audio/sfx/ingot_land.wav,web arcade,audio (sfx),Ingot reaching the bottom,,,,0.70,22050,1,30912,,puzzle-app-v2:assets/audio/ingot_land.wav,e65a1db383b08bfb0dacb068347936022be4f855
3-web-arcade/audio/sfx/invalid_1.wav,web arcade,audio (sfx),Swap that does not match,,,,0.16,22050,1,7100,,puzzle-app-v2:assets/audio/invalid_1.wav,c4e85bf54a526bd3b12246e47c87c337b420b28a
3-web-arcade/audio/sfx/invalid_2.wav,web arcade,audio (sfx),Swap that does not match,,,,0.16,22050,1,7100,,puzzle-app-v2:assets/audio/invalid_2.wav,fd6e1faef9b1deb84aed1c04f4e55beda80ab5a1
3-web-arcade/audio/sfx/invalid_3.wav,web arcade,audio (sfx),Swap that does not match,,,,0.16,22050,1,7100,,puzzle-app-v2:assets/audio/invalid_3.wav,ae1af306056e86353689e5956203bc8965681722
3-web-arcade/audio/sfx/land_1.wav,web arcade,audio (sfx),Coins landing after a fall,,,,0.20,22050,1,8864,,puzzle-app-v2:assets/audio/land_1.wav,ca96115496c59272ed0863ff8e7352b97b275f7f
3-web-arcade/audio/sfx/land_2.wav,web arcade,audio (sfx),Coins landing after a fall,,,,0.20,22050,1,8864,,puzzle-app-v2:assets/audio/land_2.wav,2f491678b58f9da6269d4a3dbef32a609f1482ba
3-web-arcade/audio/sfx/land_3.wav,web arcade,audio (sfx),Coins landing after a fall,,,,0.20,22050,1,8864,,puzzle-app-v2:assets/audio/land_3.wav,c21a7d677f9c5d62dfc34fad6bc929016a994a6e
3-web-arcade/audio/sfx/lose.wav,web arcade,audio (sfx),Level lost,,,,0.64,22050,1,28268,,puzzle-app-v2:assets/audio/lose.wav,91ffa8703a64a2f41b4361c3bdb99765a9c360bd
3-web-arcade/audio/music/music_pigs.mp3,web arcade,audio (music),Music: When Pigs Fly,,,,156.03,44100,2,2497349,,puzzle-app-v2:assets/audio/music_pigs.mp3,61e772a4d39928c8f1494131d1125edb8399be30
3-web-arcade/audio/music/music_quest.mp3,web arcade,audio (music),"Music: Coin Quest (Quest Tune), level map and levels",,,,328.13,44100,1,3938473,,puzzle-app-v2:assets/audio/music_quest.mp3,0da9d1fcc28d1e6e31226f14528178aede1fe156
3-web-arcade/audio/sfx/pop1_1.wav,web arcade,audio (sfx),Coins clearing (pitch rises with the cascade),,,,0.21,22050,1,9392,,puzzle-app-v2:assets/audio/pop1_1.wav,58ff4f0879f6430a3989cb0782151777efcdddb8
3-web-arcade/audio/sfx/pop1_2.wav,web arcade,audio (sfx),Coins clearing (pitch rises with the cascade),,,,0.21,22050,1,9392,,puzzle-app-v2:assets/audio/pop1_2.wav,378407c5d1055a78af27591573d2f752913f0e50
3-web-arcade/audio/sfx/pop1_3.wav,web arcade,audio (sfx),Coins clearing (pitch rises with the cascade),,,,0.21,22050,1,9392,,puzzle-app-v2:assets/audio/pop1_3.wav,50e77a6417f61b63baa915dec58b0a4445c3df12
3-web-arcade/audio/sfx/pop2_1.wav,web arcade,audio (sfx),Coins clearing (pitch rises with the cascade),,,,0.22,22050,1,9922,,puzzle-app-v2:assets/audio/pop2_1.wav,93cae54ab9bf92734eb2f28baf074a67eba0a9e2
3-web-arcade/audio/sfx/pop2_2.wav,web arcade,audio (sfx),Coins clearing (pitch rises with the cascade),,,,0.22,22050,1,9922,,puzzle-app-v2:assets/audio/pop2_2.wav,3ddc477c23ad544667ceffebead5163c436f000f
3-web-arcade/audio/sfx/pop2_3.wav,web arcade,audio (sfx),Coins clearing (pitch rises with the cascade),,,,0.22,22050,1,9922,,puzzle-app-v2:assets/audio/pop2_3.wav,14febab6c32f12b0c8f7aa5a8f98b39f7fabb3f1
3-web-arcade/audio/sfx/pop3_1.wav,web arcade,audio (sfx),Coins clearing (pitch rises with the cascade),,,,0.24,22050,1,10450,,puzzle-app-v2:assets/audio/pop3_1.wav,56624e8bccea83a08605a4430e3d65c540b4ff9b
3-web-arcade/audio/sfx/pop3_2.wav,web arcade,audio (sfx),Coins clearing (pitch rises with the cascade),,,,0.24,22050,1,10450,,puzzle-app-v2:assets/audio/pop3_2.wav,e0971f0bbc782006f58aac918e019a9325fb6140
3-web-arcade/audio/sfx/pop3_3.wav,web arcade,audio (sfx),Coins clearing (pitch rises with the cascade),,,,0.24,22050,1,10450,,puzzle-app-v2:assets/audio/pop3_3.wav,221cbebcdb5bef4bd6678295ef966b9e33889eeb
3-web-arcade/audio/sfx/pop4_1.wav,web arcade,audio (sfx),Coins clearing (pitch rises with the cascade),,,,0.25,22050,1,10980,,puzzle-app-v2:assets/audio/pop4_1.wav,f7263517db1a909681d726427ebe0da4ffb968a1
3-web-arcade/audio/sfx/pop4_2.wav,web arcade,audio (sfx),Coins clearing (pitch rises with the cascade),,,,0.25,22050,1,10980,,puzzle-app-v2:assets/audio/pop4_2.wav,4961bcc904425a21a08c3a9a4a3e5bf555cdc1fb
3-web-arcade/audio/sfx/pop4_3.wav,web arcade,audio (sfx),Coins clearing (pitch rises with the cascade),,,,0.25,22050,1,10980,,puzzle-app-v2:assets/audio/pop4_3.wav,502d91ee22d07fe930cfb72d404c7a111da85390
3-web-arcade/audio/sfx/pop5_1.wav,web arcade,audio (sfx),Coins clearing (pitch rises with the cascade),,,,0.26,22050,1,11510,,puzzle-app-v2:assets/audio/pop5_1.wav,0a879cd9b9efd2ebf0648515c6330a94c4aa2d6a
3-web-arcade/audio/sfx/pop5_2.wav,web arcade,audio (sfx),Coins clearing (pitch rises with the cascade),,,,0.26,22050,1,11510,,puzzle-app-v2:assets/audio/pop5_2.wav,676e7f239a848e4cc7ec0800680b5035b98d3b65
3-web-arcade/audio/sfx/pop5_3.wav,web arcade,audio (sfx),Coins clearing (pitch rises with the cascade),,,,0.26,22050,1,11510,,puzzle-app-v2:assets/audio/pop5_3.wav,01cd8ef1b59ed51ae46fe3ed5be122579297e0a9
3-web-arcade/audio/sfx/seal_1.wav,web arcade,audio (sfx),Seal cracked,,,,0.07,22050,1,3130,,puzzle-app-v2:assets/audio/seal_1.wav,8cea4379d74effe1c3f8733c91fe42501b7d649b
3-web-arcade/audio/sfx/seal_2.wav,web arcade,audio (sfx),Seal cracked,,,,0.07,22050,1,3130,,puzzle-app-v2:assets/audio/seal_2.wav,80de8001296a0fbf239c2718ac8dcb991a79e80f
3-web-arcade/audio/sfx/seal_3.wav,web arcade,audio (sfx),Seal cracked,,,,0.07,22050,1,3130,,puzzle-app-v2:assets/audio/seal_3.wav,367a21dfcec695e7dbc750f2e143d61146172096
3-web-arcade/audio/sfx/snort_juvenile.wav,web arcade,audio (sfx),"When Pigs Fly: snort, per stage",,,,0.24,22050,1,10628,,puzzle-app-v2:assets/audio/snort_juvenile.wav,c8bc962950406fbbbdbee116a8324a21be275464
3-web-arcade/audio/sfx/snort_piglet.wav,web arcade,audio (sfx),"When Pigs Fly: snort, per stage",,,,0.20,22050,1,8864,,puzzle-app-v2:assets/audio/snort_piglet.wav,228ff0e637e123bc8f7125bf1c06d01e71d533a3
3-web-arcade/audio/sfx/snort_razorback.wav,web arcade,audio (sfx),"When Pigs Fly: snort, per stage",,,,0.30,22050,1,13274,,puzzle-app-v2:assets/audio/snort_razorback.wav,41dd11ba652b60728bd356ece86310eb51da1f40
3-web-arcade/audio/sfx/special_create.wav,web arcade,audio (sfx),Special coin made (four or five in a row),,,,0.29,22050,1,13052,,puzzle-app-v2:assets/audio/special_create.wav,9f454b0882a799376e5462bc555db1377d3bf34d
3-web-arcade/audio/sfx/special_fire.wav,web arcade,audio (sfx),Special coin fired,,,,0.26,22050,1,11510,,puzzle-app-v2:assets/audio/special_fire.wav,6e0f34ebc7cbd7bb60530ad64adb44ea583e0ceb
3-web-arcade/audio/sfx/stage_up.wav,web arcade,audio (sfx),When Pigs Fly: boar grows into the next stage,,,,1.60,22050,1,70604,,puzzle-app-v2:assets/audio/stage_up.wav,ecd8a4261dcf7c0ea11d11ed3c6ff55d2066c02d
3-web-arcade/audio/sfx/star1.wav,web arcade,audio (sfx),Star earned on the result screen,,,,0.20,22050,1,8864,,puzzle-app-v2:assets/audio/star1.wav,003b55e336301e146e3c30d56f0ae0a822b3e062
3-web-arcade/audio/sfx/star2.wav,web arcade,audio (sfx),Star earned on the result screen,,,,0.20,22050,1,8864,,puzzle-app-v2:assets/audio/star2.wav,fd20350ded8f934b2f374a68170f103e05151008
3-web-arcade/audio/sfx/star3.wav,web arcade,audio (sfx),Star earned on the result screen,,,,0.20,22050,1,8864,,puzzle-app-v2:assets/audio/star3.wav,38b60091721ffaa39aabe7436b28715ee9dd4779
3-web-arcade/audio/sfx/swap_1.wav,web arcade,audio (sfx),Coin swap,,,,0.13,22050,1,5776,,puzzle-app-v2:assets/audio/swap_1.wav,06bd449d6c3bf528c7994d20b1693a6b3a62cab4
3-web-arcade/audio/sfx/swap_2.wav,web arcade,audio (sfx),Coin swap,,,,0.13,22050,1,5776,,puzzle-app-v2:assets/audio/swap_2.wav,fb678050edbea3d728165ae3f9f814c34fe52b19
3-web-arcade/audio/sfx/swap_3.wav,web arcade,audio (sfx),Coin swap,,,,0.13,22050,1,5776,,puzzle-app-v2:assets/audio/swap_3.wav,74db3c6cdc5162ac1520e481ffea2074b2eaca64
3-web-arcade/audio/sfx/tap_1.wav,web arcade,audio (sfx),UI tap,,,,0.05,22050,1,2468,,puzzle-app-v2:assets/audio/tap_1.wav,47ff31c45b490c098e8efc46b412dc6383314a3c
3-web-arcade/audio/sfx/tap_2.wav,web arcade,audio (sfx),UI tap,,,,0.05,22050,1,2468,,puzzle-app-v2:assets/audio/tap_2.wav,2d2eb9a3e456f2d5ae34996ce766b4ac075f2c11
3-web-arcade/audio/sfx/tap_3.wav,web arcade,audio (sfx),UI tap,,,,0.05,22050,1,2468,,puzzle-app-v2:assets/audio/tap_3.wav,1105d14dec38489dfca3070714051a477ac78766
3-web-arcade/audio/sfx/ting.wav,web arcade,audio (sfx),Small positive cue,,,,0.10,22050,1,4454,,puzzle-app-v2:assets/audio/ting.wav,a5d0412d214fce4a1ef7ea71ccc47951a62570a8
3-web-arcade/audio/sfx/vault_break.wav,web arcade,audio (sfx),Vault broken,,,,0.55,22050,1,24298,,puzzle-app-v2:assets/audio/vault_break.wav,cbb3e340b710df642ed3bd709adc947c212521d1
3-web-arcade/audio/sfx/vault_hit.wav,web arcade,audio (sfx),Vault hit,,,,0.30,22050,1,13274,,puzzle-app-v2:assets/audio/vault_hit.wav,64e2ede4d0e1c8f41a91f64ae26463033c5052bd
3-web-arcade/audio/voice/vo_almost.wav,web arcade,audio (voice),Voice line after a level or a big combo,,,,1.15,44100,1,101284,,puzzle-app-v2:assets/audio/vo_almost.wav,829323e48a1654129fa59f62beb17217163a5990
3-web-arcade/audio/voice/vo_believe.wav,web arcade,audio (voice),Voice line after a level or a big combo,,,,1.36,44100,1,120030,,puzzle-app-v2:assets/audio/vo_believe.wav,0030e652ff4d26e03b0875fbe85c8a0a592b561e
3-web-arcade/audio/voice/vo_dont_give_up.wav,web arcade,audio (voice),Voice line after a level or a big combo,,,,1.68,44100,1,148252,,puzzle-app-v2:assets/audio/vo_dont_give_up.wav,1c1fa9b5464c29fc5ad4ec2c8bc346a7106fa207
3-web-arcade/audio/voice/vo_fire.wav,web arcade,audio (voice),Voice line after a level or a big combo,,,,1.52,44100,1,133918,,puzzle-app-v2:assets/audio/vo_fire.wav,8c7fb3cace7ab334133568eb434caa67eabff823
3-web-arcade/audio/voice/vo_got_this.wav,web arcade,audio (voice),Voice line after a level or a big combo,,,,1.42,44100,1,125760,,puzzle-app-v2:assets/audio/vo_got_this.wav,728b9559a65b3ead6f575805787a961f5243e845
3-web-arcade/audio/voice/vo_great_work.wav,web arcade,audio (voice),Voice line after a level or a big combo,,,,1.15,44100,1,101860,,puzzle-app-v2:assets/audio/vo_great_work.wav,09a7f775a6a9ea4ffbe488a27f85cb5337fc957a
3-web-arcade/audio/voice/vo_incredible.wav,web arcade,audio (voice),Voice line after a level or a big combo,,,,3.12,44100,1,275256,,puzzle-app-v2:assets/audio/vo_incredible.wav,f0fff6c6b6ad49c23f9a679bbe367eed9c231f90
3-web-arcade/audio/voice/vo_keep_going.wav,web arcade,audio (voice),Voice line after a level or a big combo,,,,1.02,44100,1,89820,,puzzle-app-v2:assets/audio/vo_keep_going.wav,862c0f2e2ffbbf123284d69fd29718c8b3401cb3
3-web-arcade/audio/voice/vo_level_complete.wav,web arcade,audio (voice),Voice line after a level or a big combo,,,,1.97,44100,1,173512,,puzzle-app-v2:assets/audio/vo_level_complete.wav,9adf6584b1b9e14e0416e6065e7449829a0244ed
3-web-arcade/audio/voice/vo_one_more.wav,web arcade,audio (voice),Voice line after a level or a big combo,,,,1.12,44100,1,98862,,puzzle-app-v2:assets/audio/vo_one_more.wav,286432d5b1cfaaa6b28d10ac440b8016d862c838
3-web-arcade/audio/voice/vo_so_big.wav,web arcade,audio (voice),Voice line after a level or a big combo,,,,1.41,44100,1,124578,,puzzle-app-v2:assets/audio/vo_so_big.wav,3767f8b7ea6d7d6bd273b5c714ee27019c4108a4
3-web-arcade/audio/voice/vo_unstoppable.wav,web arcade,audio (voice),Voice line after a level or a big combo,,,,1.31,44100,1,115428,,puzzle-app-v2:assets/audio/vo_unstoppable.wav,ec811c8bc270ea1ed6a422edc83d92dcc489e23c
3-web-arcade/audio/voice/vo_way_to_go.wav,web arcade,audio (voice),Voice line after a level or a big combo,,,,1.04,44100,1,91768,,puzzle-app-v2:assets/audio/vo_way_to_go.wav,1a3226225c94f376c507c1aea6e857964fc764f4
3-web-arcade/audio/voice/vo_wow.wav,web arcade,audio (voice),Voice line after a level or a big combo,,,,1.12,44100,1,98820,,puzzle-app-v2:assets/audio/vo_wow.wav,413c3364b5d285ba0d496b94f8ec163aadb9f89e
3-web-arcade/audio/voice/vo_you_rock.wav,web arcade,audio (voice),Voice line after a level or a big combo,,,,0.88,44100,1,77694,,puzzle-app-v2:assets/audio/vo_you_rock.wav,db90270e2887646b81df880efd6e018dea6abd47
3-web-arcade/audio/voice/vo_you_win.wav,web arcade,audio (voice),Voice line after a level or a big combo,,,,1.34,44100,1,117930,,puzzle-app-v2:assets/audio/vo_you_win.wav,3d93c56c9e3e695258b453ae29f880c67f31cebd
3-web-arcade/audio/sfx/win.wav,web arcade,audio (sfx),Level won,,,,1.05,22050,1,46348,,puzzle-app-v2:assets/audio/win.wav,bae032bbfa1f1aab667157bdbf2d73e13aedd8df
3-web-arcade/audio/sfx/win_fill.wav,web arcade,audio (sfx),Result screen score fill,,,,4.62,22050,1,203582,,puzzle-app-v2:assets/audio/win_fill.wav,27eecb094fe482fc68334ab46cde756350ccae16
fonts/GeistMono-Bold.ttf,both arcades,font,"Labels, counters, kickers (bold)",,,,,,,151260,SIL Open Font License; the app shell uses the phone's own fonts (Roboto and the system serif),puzzle-app:assets/fonts/GeistMono-Bold.ttf,edb1bd0984d5a54fc15b14eaf8ad40a0245ddda9
fonts/GeistMono-Medium.ttf,both arcades,font,"Labels, counters (medium)",,,,,,,150096,SIL Open Font License; the app shell uses the phone's own fonts (Roboto and the system serif),puzzle-app:assets/fonts/GeistMono-Medium.ttf,c45bfbdfc8eeb648f46d22745ddbe37e641e0499
fonts/InstrumentSans.ttf,both arcades,font,Arcade UI text,,,,,,,194336,SIL Open Font License; the app shell uses the phone's own fonts (Roboto and the system serif),puzzle-app:assets/fonts/InstrumentSans.ttf,052b3f29e1af69d03fa956c1589c4cc815b200f0
fonts/PTSerif-BoldItalic.ttf,both arcades,font,"The italic ""Arcade"" in the DGD Arcade wordmark",,,,,,,337580,SIL Open Font License; the app shell uses the phone's own fonts (Roboto and the system serif),puzzle-app:assets/fonts/PTSerif-BoldItalic.ttf,069cd7532c83168fdd74024db4c663713c7a424c
1-app-shell/screens/01-ticker-live.png,app shell,screen,Ticker with live figures (Pixel 9a),1080,2424,true,,,,240967,,screenshot,6dafe4906d036838631fb353885d55181599a93c
1-app-shell/screens/02-ticker-offline.png,app shell,screen,Ticker when figures cannot load,1080,2400,true,,,,95749,,screenshot,bb3f991d16efe90ecead410568b99f83d1f7c905
1-app-shell/screens/03-arcade-menu.png,app shell,screen,Arcade menu: in-app arcade or the web arcade,1080,2400,true,,,,118384,,screenshot,06427e04f8cc30c6955954eba25e20054727b1bb
1-app-shell/screens/04-log-in.png,app shell,screen,Log in sheet (preview),1080,2400,true,,,,95560,,screenshot,23afc76f91826081e7b81b7ba1e3fb8b1a2d3ca6
1-app-shell/screens/05-join.png,app shell,screen,"Join the Network sheet, step 1 (preview)",1080,2400,true,,,,217856,,screenshot,86daeba2595d19c76dd48a7b10888e130e4fe169
1-app-shell/screens/06-membership.png,app shell,screen,My Membership: credentials step (test account),1080,2400,true,,,,187779,,screenshot,76e2fb4540cc3c33f44811413c3a646738000ef8
1-app-shell/screens/07-invite.png,app shell,screen,Invite Friends,1080,2400,true,,,,233743,,screenshot,92910935ae15b5268548e0d96ee0698913103bc9
1-app-shell/screens/08-invite-qr.png,app shell,screen,Invite: QR for the app,1080,2400,true,,,,229347,,screenshot,c9cbac0fa503b794faca741991bba01e91986efb
1-app-shell/screens/09-invite-qr-scrolled.png,app shell,screen,"Invite: QR, scrolled",1080,2400,true,,,,146446,,screenshot,c11171344ab2bfcd54c2cded5f2478540ceae020
2-in-app-arcade/screens/01-arcade-home.png,in-app arcade,screen,Arcade home (silent),1080,2400,true,,,,476164,,screenshot,096e8ea31b5b8212a83cfdfdac00b9a9b57584eb
2-in-app-arcade/screens/02-settings.png,in-app arcade,screen,Settings and your data,1080,2400,true,,,,183290,,screenshot,469dace23726c48714984ceef3f30bf7d70c786b
2-in-app-arcade/screens/03-level-map.png,in-app arcade,screen,Coin Quest level map,1080,2400,true,,,,292648,,screenshot,2e8ea722b37039d8aea4672e590df7f0572c694f
2-in-app-arcade/screens/04-level-goal.png,in-app arcade,screen,Level goal sheet,1080,2400,true,,,,199915,,screenshot,7601fa9f57df448065900ead49c39a62c0defa93
2-in-app-arcade/screens/05-coach.png,in-app arcade,screen,First-level coaching overlay,1080,2400,true,,,,268001,,screenshot,acef980db593c6db50800105530d8a6dbfa19efe
2-in-app-arcade/screens/06-level.png,in-app arcade,screen,A level being played,1080,2400,true,,,,765072,,screenshot,006a1ec3b0be1f2b7e959af859c9a638906d3b88
2-in-app-arcade/screens/07-level-result-web-equivalent.png,in-app arcade,screen,Level result (captured on the web; the app shows the same sheet without fireworks),900,1000,false,,,,153589,,screenshot,acacb8aed8af1afbcce15090d139c4f104163bd8
3-web-arcade/screens/01-landing-guest.png,web arcade,screen,"Landing, as a guest",900,1000,false,,,,181278,,screenshot,9671fe7c767728bf101c7fa5447d2bdb68db2a5c
3-web-arcade/screens/02-landing-signed-in.png,web arcade,screen,"Landing, signed in",900,1000,false,,,,175438,,screenshot,082d2dc55547f19dbfde6531c71b8fc57b013c8f
3-web-arcade/screens/03-coin-quest-levels.png,web arcade,screen,Coin Quest level list,900,1000,false,,,,40106,,screenshot,4527ad315288c2c56f1c97d1bbdd1313cfc32a32
3-web-arcade/screens/04-coin-quest-level.png,web arcade,screen,Coin Quest level,900,1000,false,,,,192560,,screenshot,ee2ae890e040f8f923c85f54a70ccf50b077bcce
3-web-arcade/screens/05-coin-quest-result.png,web arcade,screen,Coin Quest result,900,1000,false,,,,153589,,screenshot,acacb8aed8af1afbcce15090d139c4f104163bd8
3-web-arcade/screens/06-pigs-home.png,web arcade,screen,"When Pigs Fly home (boar, abilities)",900,1000,false,,,,71644,,screenshot,c3cde5d19b3cd4061a2e78268f555c70b4fab9fa
3-web-arcade/screens/07-pigs-ready.png,web arcade,screen,When Pigs Fly: ready to fly,900,1000,false,,,,74716,,screenshot,8d6e38c701521061319cc6f5db45c105761de306
3-web-arcade/screens/08-pigs-flying.png,web arcade,screen,When Pigs Fly: in flight,900,1000,false,,,,108474,,screenshot,4b6da102a5d7e59127ecaafd5e1a0db390e91ef8
3-web-arcade/screens/09-pigs-result.png,web arcade,screen,When Pigs Fly: result,900,1000,false,,,,74243,,screenshot,dcbc04ebcb5a8cd66e90d767fc15ed1f2a6c8fbf
3-web-arcade/screens/10-knowledge-check.png,web arcade,screen,Knowledge check,900,1000,false,,,,22173,,screenshot,91f7ae3f3c428f82f5c2e0cde57f88855ca03677
3-web-arcade/screens/11-top-100.png,web arcade,screen,Top 100 boards,900,1000,false,,,,54693,,screenshot,e40d3a7302e358fba07e1e52f754e6bdfe6a7b9e
3-web-arcade/screens/12-my-record.png,web arcade,screen,My record,900,1000,false,,,,21037,,screenshot,107e95e418dfd5c36c418198ef08609a6ad66bce
3-web-arcade/screens/13-rules-page.png,web arcade,screen,Rewards & official rules page,900,2806,false,,,,233260,,screenshot,e36fd0899b9e9dfb5700a8df28b16a80654be9da